P1	P2	A	D
1.306206263631834785e+00	1.793422985691284888e+00	4.100000000000000000e+01	5.000000000000000000e+01
4.362172409194195133e+00	6.789270846362757128e-01	8.200000000000000000e+01	9.100000000000000000e+01
2.934707359943510840e-01	-9.176348732404818742e-01	1.900000000000000000e+01	1.700000000000000000e+01
-6.488151437338558480e-01	-1.696667485971822487e+00	4.000000000000000000e+00	0.000000000000000000e+00
1.243293228217631441e+00	-6.740903545312234568e-01	4.500000000000000000e+01	1.300000000000000000e+01
-8.780718738463869633e-01	-6.016292123652788870e-01	0.000000000000000000e+00	7.000000000000000000e+00
4.538361628686534033e+00	-7.519496227399923294e-01	7.700000000000000000e+01	8.900000000000000000e+01
-4.698353116163010990e-01	-9.067893389591749065e-01	2.000000000000000000e+00	2.000000000000000000e+01
-6.629539445964571787e-01	-1.652437398674482028e+00	3.000000000000000000e+00	1.000000000000000000e+00
-1.286533290515393890e+00	6.306662228984480922e-01	0.000000000000000000e+00	3.000000000000000000e+00
3.117177970526592734e+00	1.425870485764511031e+00	7.900000000000000000e+01	5.900000000000000000e+01
-9.348798926087460437e-01	-8.848799009656795889e-01	0.000000000000000000e+00	1.000000000000000000e+00
-6.353218541355203364e-01	-1.121932861678007320e+00	1.100000000000000000e+01	0.000000000000000000e+00
-1.304203850782930552e+00	8.996942057553322103e-01	5.000000000000000000e+00	0.000000000000000000e+00
-6.741207340814385773e-01	-1.303373197199242384e+00	0.000000000000000000e+00	8.000000000000000000e+00
-9.007887693934220064e-01	-9.341622105014668609e-01	0.000000000000000000e+00	2.000000000000000000e+00
-7.878066682581080782e-01	-1.450390716745976638e+00	0.000000000000000000e+00	1.000000000000000000e+00
-8.229234603822508376e-01	-1.386398012534924840e-01	1.400000000000000000e+01	0.000000000000000000e+00
-2.286836094827484067e-01	-1.350270208437792219e+00	1.200000000000000000e+01	1.500000000000000000e+01
-1.576094947596998308e+00	1.972960681524285498e+00	0.000000000000000000e+00	6.000000000000000000e+00
-1.609871837986375231e-01	1.009817610622185224e+00	3.000000000000000000e+01	0.000000000000000000e+00
1.760497301985592067e+00	1.085985346192519074e+00	5.300000000000000000e+01	4.400000000000000000e+01
9.450913273671470716e-01	4.011401127645439213e-01	5.100000000000000000e+01	2.000000000000000000e+00
-4.192748985437164677e-01	3.471748243652323929e+00	2.200000000000000000e+01	3.100000000000000000e+01
5.967814230666745878e-01	-9.419085901860519972e-01	2.100000000000000000e+01	2.500000000000000000e+01
-8.962721994309449380e-01	-8.533384453700167960e-01	3.000000000000000000e+00	0.000000000000000000e+00
-2.833252410237090957e-01	2.147301233715460000e+00	1.600000000000000000e+01	3.400000000000000000e+01
3.306479793202016015e+00	-9.111954038833565139e-01	5.400000000000000000e+01	7.800000000000000000e+01
-1.065598256565847279e+00	-3.956797982582810902e-01	0.000000000000000000e+00	1.000000000000000000e+00
-9.167076166726344510e-01	-8.629126253783130363e-01	2.000000000000000000e+00	0.000000000000000000e+00
-1.003474777007606900e+00	-2.211535639962251831e-01	0.000000000000000000e+00	6.000000000000000000e+00
-6.148664311631704127e-01	-1.456284096773538650e+00	0.000000000000000000e+00	9.000000000000000000e+00
-1.704129701881849757e+00	2.878013565830372933e+00	0.000000000000000000e+00	1.100000000000000000e+01
3.197057424165363204e-01	-8.341169058456623375e-01	2.500000000000000000e+01	1.000000000000000000e+01
-1.129148051094945648e+00	1.332159631649286080e+00	0.000000000000000000e+00	1.900000000000000000e+01
-7.762764186846495829e-01	-1.407429249266005433e+00	2.000000000000000000e+00	0.000000000000000000e+00
5.802045077880010338e-01	7.541693118149139785e-01	3.600000000000000000e+01	1.600000000000000000e+01
-6.082908055910667411e-01	-1.153707660669876844e+00	0.000000000000000000e+00	1.300000000000000000e+01
-1.024802312938186688e+00	-5.535536906567255500e-01	0.000000000000000000e+00	1.000000000000000000e+00
7.764172985445142450e-01	-1.014248017367355148e+00	2.700000000000000000e+01	2.100000000000000000e+01
-7.563628683257568319e-01	-9.059878894480288825e-01	2.000000000000000000e+00	7.000000000000000000e+00
-1.213543025903089490e+00	1.744707256079259527e-01	1.000000000000000000e+00	0.000000000000000000e+00
1.908954642952063852e+00	8.507707661001076005e-01	7.000000000000000000e+01	5.100000000000000000e+01
-7.685683252878822147e-01	-1.287130987783259073e+00	0.000000000000000000e+00	4.000000000000000000e+00
-1.074522323973766458e+00	5.159900402565177624e-03	5.000000000000000000e+00	0.000000000000000000e+00
-8.723544975392619749e-01	-8.945887919121903176e-01	0.000000000000000000e+00	4.000000000000000000e+00
2.380776626053167089e+00	2.664525947057423405e-01	5.700000000000000000e+01	5.000000000000000000e+01
-6.623186853378781880e-01	-7.088568493060499742e-01	1.100000000000000000e+01	4.000000000000000000e+00
-6.932137350050467939e-01	-1.003420846323778814e+00	0.000000000000000000e+00	1.100000000000000000e+01
1.234404892063857950e+00	3.579516714465181410e-02	3.200000000000000000e+01	4.300000000000000000e+01
-1.449977251368185671e+00	1.064358273508235753e+00	0.000000000000000000e+00	1.000000000000000000e+00
2.942793213830426691e+00	-6.792804735114197356e-01	8.800000000000000000e+01	7.900000000000000000e+01
-6.188852915080484962e-01	-1.440004824372609127e+00	2.000000000000000000e+00	7.000000000000000000e+00
4.676005147953719576e-01	1.507576118659268161e-01	1.800000000000000000e+01	3.900000000000000000e+01
-1.683850258965639224e+00	3.309549080857332015e+00	5.000000000000000000e+00	1.200000000000000000e+01
-7.060895707198174831e-01	-1.416745269226421966e+00	5.000000000000000000e+00	0.000000000000000000e+00
-7.380262755903900240e-01	-1.663354994652024299e+00	0.000000000000000000e+00	1.000000000000000000e+00
-4.566729384382229862e-01	-1.385185599705326398e+00	4.000000000000000000e+00	1.300000000000000000e+01
4.065104091533826569e+00	2.543414627655518068e-01	8.500000000000000000e+01	6.800000000000000000e+01
1.199135786428304096e+00	-1.574887941229979216e+00	2.400000000000000000e+01	3.900000000000000000e+01
-6.596946432342943867e-01	-1.775747240724198761e+00	3.000000000000000000e+00	0.000000000000000000e+00
1.885753432407249464e-01	-9.979830021910855997e-01	1.700000000000000000e+01	1.600000000000000000e+01
-1.124065219273711946e+00	1.612798365316796767e+00	8.000000000000000000e+00	1.400000000000000000e+01
1.027528507422058590e+00	9.013402578639936880e-02	2.400000000000000000e+01	5.100000000000000000e+01
-7.063421490180207263e-01	-1.207386138025308586e+00	0.000000000000000000e+00	8.000000000000000000e+00
-9.327958934184019668e-01	1.802728777389605241e+00	1.100000000000000000e+01	2.200000000000000000e+01
1.324598134053293519e+00	-6.375372507844179193e-01	3.200000000000000000e+01	3.900000000000000000e+01
-1.174562190247938176e+00	3.231474360061283413e+00	0.000000000000000000e+00	4.000000000000000000e+01
-3.985938896419431443e-01	6.948865509549477792e-01	1.600000000000000000e+01	1.100000000000000000e+01
1.851312076878613155e-01	-9.880545100581197282e-01	1.500000000000000000e+01	2.200000000000000000e+01
6.136461303368371256e-01	-5.840150200872532560e-01	2.600000000000000000e+01	2.200000000000000000e+01
7.626856305999708319e+00	3.181164518321339951e-01	1.280000000000000000e+02	1.300000000000000000e+02
-1.253426310584572878e+00	1.321557883877266359e+00	4.000000000000000000e+00	9.000000000000000000e+00
-2.120031388583706988e+00	3.704154496250426032e+00	0.000000000000000000e+00	2.000000000000000000e+00
1.290652578800251415e+00	5.863565151839550404e-01	3.400000000000000000e+01	5.000000000000000000e+01
7.031963857251067873e-01	2.382792828354193038e+00	4.000000000000000000e+01	3.700000000000000000e+01
-5.766656554076707852e-01	-7.023556348827252327e-01	1.300000000000000000e+01	6.000000000000000000e+00
-5.992838249414840224e-01	3.959113327939929761e+00	2.000000000000000000e+01	3.300000000000000000e+01
-9.826989551939795398e-01	-4.868714385576553005e-01	0.000000000000000000e+00	4.000000000000000000e+00
1.545298127945931022e+00	-1.210664777966139027e+00	3.400000000000000000e+01	4.000000000000000000e+01
-8.696701234041027684e-01	-5.034888528939733821e-01	0.000000000000000000e+00	9.000000000000000000e+00
-8.223360927335630066e-01	-1.266778868072962583e+00	0.000000000000000000e+00	2.000000000000000000e+00
5.832795490576405673e-01	-8.916021596992405041e-01	2.800000000000000000e+01	1.400000000000000000e+01
1.430475715669185188e+00	2.619552851853164110e-01	4.000000000000000000e+01	4.500000000000000000e+01
2.855133401168407636e-01	-1.385680577471507302e+00	1.500000000000000000e+01	2.000000000000000000e+01
-1.025246755170681867e+00	-4.909067392710677602e-01	0.000000000000000000e+00	2.000000000000000000e+00
-1.595076842305746534e-01	5.855472815416185028e-01	1.800000000000000000e+01	1.700000000000000000e+01
-7.779050669256967199e-01	-1.062252680018037410e+00	6.000000000000000000e+00	0.000000000000000000e+00
-2.479097863573519744e-01	-1.637797551088723491e+00	1.000000000000000000e+00	2.300000000000000000e+01
1.390163582385026464e+00	-1.983703614064743770e-01	3.100000000000000000e+01	4.900000000000000000e+01
-5.291196755032278043e-01	-1.481085240619683052e+00	0.000000000000000000e+00	1.300000000000000000e+01
3.006781251923392739e-01	3.627437654335817108e+00	3.500000000000000000e+01	3.900000000000000000e+01
-3.887673662955302700e-01	-1.153503459316256974e+00	5.000000000000000000e+00	1.800000000000000000e+01
6.200377010896032992e+00	1.038499081371065058e+00	1.220000000000000000e+02	1.040000000000000000e+02
-1.828716134615584910e+00	2.910109779774385341e+00	0.000000000000000000e+00	6.000000000000000000e+00
-5.893497099155572405e-01	-5.475295221867175766e-01	6.000000000000000000e+00	1.500000000000000000e+01
-1.045629506770230366e+00	1.015250987641130198e+00	1.400000000000000000e+01	4.000000000000000000e+00
-3.457366824010702500e-01	-1.381364443794436569e+00	8.000000000000000000e+00	1.400000000000000000e+01
-5.825781475719480351e-01	6.945229753578398002e-01	1.800000000000000000e+01	1.000000000000000000e+00
-9.001181290731162798e-01	-8.935136729045600745e-01	0.000000000000000000e+00	3.000000000000000000e+00
3.660144811407809229e+00	-2.907803240353208363e-01	6.300000000000000000e+01	8.800000000000000000e+01
-6.070410207475795961e-01	1.686554823266911196e+00	2.400000000000000000e+01	0.000000000000000000e+00
-1.462299361002310505e+00	1.275481728496809408e+00	3.000000000000000000e+00	0.000000000000000000e+00
-5.361374637013857081e-01	-1.635612517707865754e+00	1.000000000000000000e+01	0.000000000000000000e+00
-2.061479083407120605e+00	3.375143105255017151e+00	0.000000000000000000e+00	1.000000000000000000e+00
-1.095207968057872350e+00	1.673349377304987617e-02	0.000000000000000000e+00	5.000000000000000000e+00
-6.147985064041224801e-01	-6.470080051522664188e-01	1.400000000000000000e+01	4.000000000000000000e+00
-7.707977301975148521e-01	3.528711902647852505e-01	1.300000000000000000e+01	1.000000000000000000e+01
-1.601358843400138454e+00	1.611724945939701170e+00	0.000000000000000000e+00	1.000000000000000000e+00
6.164946927903186547e-01	-5.985236645664073762e-01	1.500000000000000000e+01	4.400000000000000000e+01
1.301520364204047597e+00	-1.195638456192438470e+00	3.100000000000000000e+01	3.300000000000000000e+01
-8.559604679513027614e-01	-9.058984959656714020e-01	0.000000000000000000e+00	5.000000000000000000e+00
5.251851176097859231e-01	-3.632326499674871090e-01	2.400000000000000000e+01	2.300000000000000000e+01
-7.125647447157421599e-01	-1.237968781788935102e+00	7.000000000000000000e+00	0.000000000000000000e+00
-9.082308261157853169e-01	-7.870430425879482161e-01	0.000000000000000000e+00	4.000000000000000000e+00
5.246571228365188855e-01	3.475527975183030360e+00	3.000000000000000000e+01	6.200000000000000000e+01
-9.997170646214503797e-01	-6.886627818034947168e-01	0.000000000000000000e+00	1.000000000000000000e+00
1.628453109724354642e+00	5.875620121619079539e-01	4.000000000000000000e+01	5.000000000000000000e+01
3.190572754928942878e+00	-9.768566815729964325e-01	5.600000000000000000e+01	6.800000000000000000e+01
-8.777459002650511710e-01	-1.155881413024858473e+00	0.000000000000000000e+00	1.000000000000000000e+00
-1.040910394127528837e+00	-2.687437828234135254e-02	1.000000000000000000e+00	6.000000000000000000e+00
2.116353998090392263e+00	-9.717829818303129752e-01	4.800000000000000000e+01	6.600000000000000000e+01
5.097496911295227306e-01	-1.008792824416874234e+00	3.300000000000000000e+01	1.300000000000000000e+01
-1.390783748133887165e+00	8.156557125582589718e-01	1.000000000000000000e+00	0.000000000000000000e+00
-9.160557507128037624e-01	4.706045201307152426e-01	1.000000000000000000e+01	8.000000000000000000e+00
-1.705569784519394450e+00	3.113134331426902879e+00	5.000000000000000000e+00	9.000000000000000000e+00
-9.755938333848707122e-01	-7.039368828450899285e-01	0.000000000000000000e+00	2.000000000000000000e+00
2.684750149292074894e+00	4.566245844505385953e+00	9.800000000000000000e+01	4.000000000000000000e+01
3.852784011058553393e+00	-9.657963384796121042e-01	6.500000000000000000e+01	7.900000000000000000e+01
-1.946062883967602408e+00	3.007922155697944966e+00	0.000000000000000000e+00	2.000000000000000000e+00
-1.369866183230212586e+00	1.150278556407583030e+00	2.000000000000000000e+00	4.000000000000000000e+00
2.566894637416165637e+00	4.363634664028106513e-01	5.800000000000000000e+01	5.300000000000000000e+01
-1.832637384638266864e+00	3.032838382030370372e+00	7.000000000000000000e+00	0.000000000000000000e+00
2.541426388423633220e-01	3.482893200189500216e-01	2.900000000000000000e+01	4.000000000000000000e+01
3.943369915177748375e+00	3.070114935600274819e+00	8.700000000000000000e+01	8.600000000000000000e+01
1.227363723272322238e+00	-1.255889096504769320e+00	2.600000000000000000e+01	4.000000000000000000e+01
1.700627248011088888e+00	-1.064649238665235816e-02	3.500000000000000000e+01	6.000000000000000000e+01
-7.388251844220825593e-01	-1.691346287444172924e+00	1.000000000000000000e+00	0.000000000000000000e+00
-2.325640623938624307e-01	1.544565765577637440e-03	2.200000000000000000e+01	1.000000000000000000e+00
1.623342650219729677e+00	-4.558843067091056245e-01	3.100000000000000000e+01	5.700000000000000000e+01
-1.319401102672923543e+00	1.186226149649911354e+00	0.000000000000000000e+00	9.000000000000000000e+00
-5.994419552275634944e-01	1.286548536016962618e+00	1.500000000000000000e+01	1.500000000000000000e+01
4.370524423051792340e+00	-1.331438043298843465e-01	7.700000000000000000e+01	9.300000000000000000e+01
-1.197071630830756517e+00	6.039424907519529151e-02	1.000000000000000000e+00	0.000000000000000000e+00
-1.459820023612268702e+00	1.061964946185787406e+00	1.000000000000000000e+00	0.000000000000000000e+00
-1.084076632206566027e+00	-3.826535864664903919e-01	0.000000000000000000e+00	1.000000000000000000e+00
-1.059663225672156317e+00	-4.658850205676788869e-01	1.000000000000000000e+00	0.000000000000000000e+00
-1.124991347585739154e+00	-6.067561760491797795e-02	0.000000000000000000e+00	3.000000000000000000e+00
-1.419729459513157099e+00	9.867095065119422248e-01	0.000000000000000000e+00	2.000000000000000000e+00
-1.118729378847760136e+00	-8.566509650190445857e-02	0.000000000000000000e+00	3.000000000000000000e+00
-1.121340954833697889e+00	2.554230969445207000e-01	0.000000000000000000e+00	7.000000000000000000e+00
-9.915085418365818803e-01	-2.770395426456139787e-01	6.000000000000000000e+00	0.000000000000000000e+00
-7.872854845066729057e-01	-1.958352851202374290e-01	0.000000000000000000e+00	1.700000000000000000e+01
3.005264999794761582e+00	8.282013473516878221e-01	6.500000000000000000e+01	6.700000000000000000e+01
-4.896853007691447934e-01	-1.577381707452003123e+00	1.200000000000000000e+01	1.000000000000000000e+00
2.857839722222800805e-01	4.505899075599165693e-01	2.200000000000000000e+01	2.600000000000000000e+01
3.784332881683370453e-01	-9.400277143035251637e-01	1.600000000000000000e+01	2.800000000000000000e+01
2.142370113304054691e+00	-3.062417343870943998e-01	5.100000000000000000e+01	4.400000000000000000e+01
1.567772092132240669e+00	-5.321332893392910490e-01	3.400000000000000000e+01	4.700000000000000000e+01
3.216596578324029121e-01	-7.443493286853840596e-01	3.100000000000000000e+01	0.000000000000000000e+00
-5.538400264740993562e-01	-1.153241342888241538e+00	1.400000000000000000e+01	1.000000000000000000e+00
-1.079179088045717050e+00	6.861685210737262786e-01	1.300000000000000000e+01	0.000000000000000000e+00
-1.128631713347324039e+00	3.243010739999513392e-02	0.000000000000000000e+00	4.000000000000000000e+00
1.267516736804470856e+00	1.237150022573822561e+00	4.400000000000000000e+01	3.700000000000000000e+01
-1.052868528165693318e+00	3.703213040917446297e-01	7.000000000000000000e+00	4.000000000000000000e+00
-4.832625401762269957e-01	-9.704737866484631770e-01	0.000000000000000000e+00	2.200000000000000000e+01
6.778005430647930929e+00	9.732030195447102239e-01	1.240000000000000000e+02	1.110000000000000000e+02
-6.342372480221977193e-01	-1.529415698362482701e+00	0.000000000000000000e+00	8.000000000000000000e+00
-8.830178238160435455e-01	-6.379385122348038006e-01	3.000000000000000000e+00	4.000000000000000000e+00
-1.066504378045894930e+00	1.061724459045740865e+00	4.000000000000000000e+00	1.500000000000000000e+01
-1.269963040395013731e+00	5.018862610917476097e-01	2.000000000000000000e+00	1.000000000000000000e+00
-1.290327373938978894e+00	7.304443024861304590e-01	0.000000000000000000e+00	5.000000000000000000e+00
-1.154632531942788809e+00	-4.179496881684141574e-02	0.000000000000000000e+00	2.000000000000000000e+00
1.221050037171949043e+00	-6.289886129592003883e-01	3.300000000000000000e+01	3.900000000000000000e+01
5.960671765639794728e+00	4.513920716628564977e-01	1.040000000000000000e+02	1.080000000000000000e+02
-1.351645067790804511e+00	1.000367171908926434e+00	5.000000000000000000e+00	0.000000000000000000e+00
-1.317251947128149636e+00	1.076887969404217271e+00	0.000000000000000000e+00	8.000000000000000000e+00
-1.163892311933917512e+00	1.583881341135053300e-01	0.000000000000000000e+00	4.000000000000000000e+00
-5.961189346901089037e-01	-1.349926252231962831e+00	0.000000000000000000e+00	1.200000000000000000e+01
2.887660822975031572e+00	1.429326280719685816e+00	6.700000000000000000e+01	6.500000000000000000e+01
1.644187040473150674e+00	-1.479185974301116424e+00	3.400000000000000000e+01	4.200000000000000000e+01
-1.101683403296129571e+00	7.456321270134024237e-01	0.000000000000000000e+00	1.400000000000000000e+01
-1.537363050957872179e+00	1.418145783975291785e+00	0.000000000000000000e+00	2.000000000000000000e+00
-7.783477468204853533e-01	-1.470072634994239236e+00	2.000000000000000000e+00	0.000000000000000000e+00
-5.535338903067428262e-01	4.568744230782610383e-01	1.800000000000000000e+01	0.000000000000000000e+00
-1.229202641131115437e+00	3.577325038984657368e+00	2.000000000000000000e+01	0.000000000000000000e+00
1.403273668551570930e-01	-7.225531521202815943e-01	2.700000000000000000e+01	0.000000000000000000e+00
-8.389198847397021375e-01	3.407361445977831860e+00	1.900000000000000000e+01	1.700000000000000000e+01
-1.018658013140457896e+00	2.358088685679909646e-01	8.000000000000000000e+00	3.000000000000000000e+00
-8.767398552624983132e-02	-1.001211776831500533e+00	2.000000000000000000e+01	0.000000000000000000e+00
-1.229285039203610097e+00	9.812312829292282323e-01	0.000000000000000000e+00	1.100000000000000000e+01
7.680945355962368604e-01	-1.303829871677569585e+00	2.300000000000000000e+01	2.600000000000000000e+01
-7.221389197812310146e-01	3.970276104907651149e+00	3.500000000000000000e+01	9.000000000000000000e+00
-9.574154991736910647e-01	-6.257602644158809235e-02	0.000000000000000000e+00	1.100000000000000000e+01
-2.704244262565848600e-01	-1.194616851177637828e+00	1.200000000000000000e+01	1.600000000000000000e+01
-1.716066877769380383e+00	2.426789213440428750e+00	0.000000000000000000e+00	6.000000000000000000e+00
-1.376653122124305906e+00	1.173180152930000331e+00	6.000000000000000000e+00	0.000000000000000000e+00
-7.293082981858549640e-01	-6.868621604895720767e-02	5.000000000000000000e+00	1.600000000000000000e+01
-8.129574505726749889e-01	-9.453162617852814975e-01	0.000000000000000000e+00	7.000000000000000000e+00
2.811943927605895954e+00	1.622255145567836343e-01	5.400000000000000000e+01	7.100000000000000000e+01
1.759090432678560800e+00	-7.198464719761146768e-02	3.800000000000000000e+01	5.300000000000000000e+01
9.395997292042413962e-01	-3.343964055263068946e-01	4.800000000000000000e+01	0.000000000000000000e+00
-1.970232333526927837e-01	-7.584747384798418146e-01	1.900000000000000000e+01	0.000000000000000000e+00
-9.882338429195353102e-01	-2.452696502880504503e-01	5.000000000000000000e+00	2.000000000000000000e+00
-1.027942856403075034e+00	-5.443769280221576468e-01	0.000000000000000000e+00	2.000000000000000000e+00
-1.201369146811953836e+00	2.643733698130102727e+00	5.000000000000000000e+00	2.700000000000000000e+01
-7.254423054846753649e-01	-1.688017208102122524e+00	2.000000000000000000e+00	0.000000000000000000e+00
1.976998403279082162e+00	-7.752922995380222559e-01	4.100000000000000000e+01	4.800000000000000000e+01
-7.400948593086997818e-01	-1.182266485081848950e+00	7.000000000000000000e+00	0.000000000000000000e+00
-7.162165002169500472e-01	-1.004686528626748787e+00	1.000000000000000000e+01	0.000000000000000000e+00
-6.926706719736163143e-01	-1.581528950646257980e+00	0.000000000000000000e+00	5.000000000000000000e+00
-1.422576795852900755e+00	1.042859633061549607e+00	0.000000000000000000e+00	3.000000000000000000e+00
-4.876714494011238910e-01	-1.110478749749400640e+00	1.300000000000000000e+01	6.000000000000000000e+00
-8.177511815857047006e-01	2.443831615329816742e+00	2.400000000000000000e+01	0.000000000000000000e+00
-7.748899873802058691e-01	-1.432812296202184088e+00	0.000000000000000000e+00	3.000000000000000000e+00
-7.692946778870272118e-01	-6.278067540101154309e-01	0.000000000000000000e+00	1.300000000000000000e+01
-9.527029183866954076e-01	7.081167853968192705e-02	0.000000000000000000e+00	1.300000000000000000e+01
-1.239802509965970856e+00	1.084269041902038877e+00	0.000000000000000000e+00	1.200000000000000000e+01
-8.742350561985942070e-01	-6.714701497755738435e-01	7.000000000000000000e+00	0.000000000000000000e+00
1.860501833822701290e+00	1.817044872390844584e-02	5.400000000000000000e+01	3.100000000000000000e+01
-1.606243327858915881e+00	1.585914571018266939e+00	1.000000000000000000e+00	0.000000000000000000e+00
-8.590776382004882139e-01	1.104834911963609834e+00	1.500000000000000000e+01	0.000000000000000000e+00
-1.016256440940064065e+00	-3.108956659234096698e-01	5.000000000000000000e+00	0.000000000000000000e+00
-6.821063691457629474e-01	-9.521801894849759584e-01	2.000000000000000000e+00	1.100000000000000000e+01
-5.604141034262130061e-01	-7.802381874176492760e-01	1.000000000000000000e+01	1.000000000000000000e+01
-9.546039066940957829e-01	-8.202926067058009529e-01	2.000000000000000000e+00	0.000000000000000000e+00
-1.792656224520138508e+00	2.840345398800007803e+00	7.000000000000000000e+00	0.000000000000000000e+00
-6.892207165837461735e-01	-1.678888970775553435e+00	1.000000000000000000e+00	3.000000000000000000e+00
-1.170359170981003505e+00	5.447322549819935134e-01	8.000000000000000000e+00	0.000000000000000000e+00
-5.628664624165204966e-01	-1.638235009500709216e+00	5.000000000000000000e+00	5.000000000000000000e+00
2.130934318818405782e+00	-5.121212469487750329e-01	5.200000000000000000e+01	4.000000000000000000e+01
2.105891469813799155e+00	-4.222356814344377374e-01	4.800000000000000000e+01	5.300000000000000000e+01
1.683043029587278916e-01	6.259376952129104277e-01	2.000000000000000000e+01	2.900000000000000000e+01
-2.015675231759701813e-01	-1.296488409661046282e+00	3.000000000000000000e+00	2.800000000000000000e+01
-9.996299309958587287e-01	-3.229519821262208379e-01	2.000000000000000000e+00	4.000000000000000000e+00
4.898075430963765853e-01	-4.762740024208211853e-01	2.600000000000000000e+01	1.900000000000000000e+01
9.838017352693528839e-01	-4.651251489390997862e-02	3.500000000000000000e+01	2.800000000000000000e+01
-1.618979509756466317e-01	2.369312499076793865e-01	2.600000000000000000e+01	0.000000000000000000e+00
4.586408243858862477e+00	3.947740748308297132e+00	1.180000000000000000e+02	7.200000000000000000e+01
-1.781217466083415690e+00	3.048352098718356995e+00	1.000000000000000000e+01	0.000000000000000000e+00
-1.263477203517971992e+00	1.065861620336355564e+00	1.000000000000000000e+01	0.000000000000000000e+00
1.436150814920889918e+00	-1.236655629209458152e+00	3.200000000000000000e+01	4.000000000000000000e+01
-1.433471459424472627e+00	1.421820798877648118e+00	3.000000000000000000e+00	4.000000000000000000e+00
8.025913393515026958e-03	-3.637173832608522200e-02	1.500000000000000000e+01	2.400000000000000000e+01
-1.676130786912013892e+00	2.071613746612327667e+00	0.000000000000000000e+00	4.000000000000000000e+00
6.251812109216617896e-01	-1.045088415240974511e+00	2.800000000000000000e+01	1.500000000000000000e+01
-1.386115241590950564e+00	1.377907108750369813e+00	0.000000000000000000e+00	9.000000000000000000e+00
-9.887247791996444102e-01	-8.003292901551783967e-01	0.000000000000000000e+00	1.000000000000000000e+00
-9.157302863465477047e-03	-4.935766257474173413e-01	1.600000000000000000e+01	1.500000000000000000e+01
-9.878032042352598019e-01	-6.146679789889644141e-01	3.000000000000000000e+00	0.000000000000000000e+00
-1.387204797575455339e+00	8.214839517339708186e-01	2.000000000000000000e+00	0.000000000000000000e+00
-8.369070835102065953e-01	-9.686938389286849915e-01	0.000000000000000000e+00	6.000000000000000000e+00
-8.708888619919519236e-01	-7.047568393947171161e-01	7.000000000000000000e+00	0.000000000000000000e+00
-1.856913607415512368e-01	-1.633951879526188478e+00	1.200000000000000000e+01	1.500000000000000000e+01
-6.107823434888535845e-03	-1.353507393019794947e+00	1.900000000000000000e+01	2.000000000000000000e+00
1.815757038611885754e+00	-5.251444509405150951e-01	4.800000000000000000e+01	3.400000000000000000e+01
-8.171894309786668087e-01	-1.460232556850010743e+00	0.000000000000000000e+00	1.000000000000000000e+00
-4.174586670236658525e-01	-1.484753017919566043e+00	2.000000000000000000e+00	1.700000000000000000e+01
3.558070933215262133e-01	4.194269474068416659e-01	2.500000000000000000e+01	2.500000000000000000e+01
-1.153846070698558934e+00	1.030941202763458880e-01	4.000000000000000000e+00	0.000000000000000000e+00
-1.633280900166915517e+00	1.661170483429972977e+00	0.000000000000000000e+00	1.000000000000000000e+00
4.995021337958775121e+00	-4.090542905162405929e-01	8.800000000000000000e+01	9.100000000000000000e+01
4.693144518681540561e-02	7.826149792784354853e-01	2.800000000000000000e+01	1.200000000000000000e+01
-5.440854869094646773e-01	4.610019190627692720e-01	1.000000000000000000e+01	2.600000000000000000e+01
-1.010835108021177264e+00	-6.415483715713222734e-01	0.000000000000000000e+00	2.000000000000000000e+00
-3.116669241824669423e-01	-1.390471611920328421e+00	3.000000000000000000e+00	2.200000000000000000e+01
-5.798013815463680665e-01	-1.151520564720730944e+00	9.000000000000000000e+00	6.000000000000000000e+00
8.648293827113341659e-02	-1.056111100327404850e+00	2.400000000000000000e+01	0.000000000000000000e+00
-7.266052134402372076e-01	-2.405595921627488309e-01	0.000000000000000000e+00	2.000000000000000000e+01
-3.524818531702360036e-01	-1.751056518801330286e+00	1.200000000000000000e+01	6.000000000000000000e+00
4.055815865242753393e-01	-8.996367571970413923e-01	2.500000000000000000e+01	1.300000000000000000e+01
2.138421725465278644e+00	-4.559310876994070449e-01	6.400000000000000000e+01	2.000000000000000000e+01
-4.921583236679347717e-01	-1.806781475434593665e+00	1.100000000000000000e+01	0.000000000000000000e+00
-4.654982684146055094e-01	2.168044345996201216e-01	7.000000000000000000e+00	3.000000000000000000e+01
-7.203169026096007954e-01	-1.653190184243471084e+00	3.000000000000000000e+00	0.000000000000000000e+00
4.876945552461324773e+00	4.695394634102192377e+00	1.070000000000000000e+02	1.040000000000000000e+02
9.533865312136201586e-01	3.753146429963464814e-01	2.700000000000000000e+01	4.800000000000000000e+01
-9.908760253031061449e-01	-8.099087230995796194e-01	0.000000000000000000e+00	1.000000000000000000e+00
1.318756608943128628e+00	8.776733713632612899e-01	4.400000000000000000e+01	3.600000000000000000e+01
-9.579943920575759719e-01	4.850385502039755714e-01	2.000000000000000000e+00	1.600000000000000000e+01
5.016075498149992207e+00	9.717921563853465505e-02	8.800000000000000000e+01	1.030000000000000000e+02
-7.433013704556132861e-01	-1.660295473167263003e+00	2.000000000000000000e+00	0.000000000000000000e+00
-5.442072358951504096e-01	-1.656413969703588229e+00	5.000000000000000000e+00	6.000000000000000000e+00
7.731810029108519444e+00	5.599596945087231825e-01	1.370000000000000000e+02	1.250000000000000000e+02
-1.015019847799888186e+00	1.014522115556041548e+00	0.000000000000000000e+00	2.200000000000000000e+01
-7.819910986159077648e-01	-1.531523173110717728e+00	0.000000000000000000e+00	2.000000000000000000e+00
1.727654429163682170e+00	-3.944721682107724114e-01	4.400000000000000000e+01	3.700000000000000000e+01
-6.734511470697563951e-01	-1.012403815427103115e+00	3.000000000000000000e+00	1.000000000000000000e+01
1.733662956732658467e+00	1.422611554360250219e-01	3.800000000000000000e+01	5.800000000000000000e+01
-8.830245849635408595e-01	-1.145535513771396730e+00	0.000000000000000000e+00	2.000000000000000000e+00
-4.042412905740459632e-03	-1.219852886110987189e+00	2.100000000000000000e+01	0.000000000000000000e+00
-1.283053882490273301e+00	7.624966750467268017e-01	6.000000000000000000e+00	0.000000000000000000e+00
8.402907994657564661e-01	-1.227112655079102138e-01	2.500000000000000000e+01	3.900000000000000000e+01
5.411223143445695882e-01	-3.831644767408595720e-01	1.600000000000000000e+01	4.200000000000000000e+01
-6.860259624439184467e-01	-4.661675374019323415e-01	4.000000000000000000e+00	1.500000000000000000e+01
-1.314554419257818463e+00	6.051310852968820875e-01	3.000000000000000000e+00	0.000000000000000000e+00
1.081149409500720582e+00	-5.541946802576204201e-01	3.200000000000000000e+01	3.000000000000000000e+01
-1.268888650719533162e+00	5.194024068905890301e-01	4.000000000000000000e+00	0.000000000000000000e+00
6.832681785476628633e+00	8.078835314374580578e-01	1.240000000000000000e+02	1.120000000000000000e+02
2.959287378235783361e+00	1.003083986745200828e+00	5.600000000000000000e+01	8.700000000000000000e+01
-1.371390595691688086e+00	6.334702905294147257e-01	0.000000000000000000e+00	1.000000000000000000e+00
-6.580770006858429610e-01	-9.174128723677796859e-01	1.400000000000000000e+01	0.000000000000000000e+00
-1.273252539000904404e+00	5.841704595716255000e-01	0.000000000000000000e+00	5.000000000000000000e+00
-1.466472080248749643e+00	1.578653233111090293e+00	0.000000000000000000e+00	8.000000000000000000e+00
-6.588426611612374639e-01	-1.514178246649805049e+00	0.000000000000000000e+00	8.000000000000000000e+00
1.785055311275259404e+00	-1.508491778081081369e+00	0.000000000000000000e+00	1.210000000000000000e+02
8.174462553319351843e-02	-5.737027191666120574e-02	2.100000000000000000e+01	1.600000000000000000e+01
-6.852070405489451010e-01	-9.915305136359138238e-01	1.000000000000000000e+00	1.200000000000000000e+01
-8.335578001495882461e-01	-7.640985535852162780e-01	0.000000000000000000e+00	9.000000000000000000e+00
1.822364488252687098e-01	2.716578039518020571e-01	2.100000000000000000e+01	2.300000000000000000e+01
-7.988529548057257124e-01	-1.461597191986396593e+00	2.000000000000000000e+00	0.000000000000000000e+00
-8.508376858613213578e-01	1.029076659430604446e+00	1.500000000000000000e+01	0.000000000000000000e+00
3.912725494674887949e-01	-1.177171547834700238e+00	2.400000000000000000e+01	1.100000000000000000e+01
-6.924051025848669827e-01	-1.510628505220998230e+00	6.000000000000000000e+00	0.000000000000000000e+00
-5.674050008915703103e-01	-1.866260872395109738e+00	0.000000000000000000e+00	8.000000000000000000e+00
-1.578942556996745517e-01	-4.565293238369275697e-01	1.700000000000000000e+01	9.000000000000000000e+00
-4.394135894841758594e-01	-8.310108193834492285e-01	5.000000000000000000e+00	2.100000000000000000e+01
-6.915032196152339772e-01	-1.336055375785132338e+00	8.000000000000000000e+00	0.000000000000000000e+00
-1.350500721250196490e+00	1.248895219204946949e+00	5.000000000000000000e+00	4.000000000000000000e+00
4.008767079360444185e+00	2.057193003269623510e+00	8.500000000000000000e+01	8.700000000000000000e+01
-1.320913839180092975e+00	8.872185237996185192e-01	6.000000000000000000e+00	0.000000000000000000e+00
1.395895880251082632e-01	3.918535220496656368e+00	4.600000000000000000e+01	1.700000000000000000e+01
-3.514818510432750065e-01	-1.154425496166641807e+00	7.000000000000000000e+00	1.900000000000000000e+01
-1.794815954952421633e+00	3.403576463254330164e+00	0.000000000000000000e+00	1.500000000000000000e+01
-1.611532023885717813e-01	-6.896654816903186047e-01	1.200000000000000000e+01	2.800000000000000000e+01
-1.120352112951458423e+00	-1.499561515844119730e-01	3.000000000000000000e+00	0.000000000000000000e+00
-6.916902973523324505e-01	1.394165693126424133e+00	2.100000000000000000e+01	0.000000000000000000e+00
-1.525708431019364042e+00	1.794717553650326369e+00	0.000000000000000000e+00	8.000000000000000000e+00
1.649952953055092930e+00	4.463761391508013432e+00	6.600000000000000000e+01	4.600000000000000000e+01
-2.048076737583984563e+00	3.542228555999997308e+00	0.000000000000000000e+00	5.000000000000000000e+00
3.583902548032923407e-01	-1.308719642769138991e+00	1.900000000000000000e+01	1.700000000000000000e+01
-1.983699750070729573e-01	-3.314692616142835835e-01	2.200000000000000000e+01	0.000000000000000000e+00
-9.930414530547615470e-01	-2.524316390397506327e-01	0.000000000000000000e+00	8.000000000000000000e+00
-1.100964388030147179e+00	-3.194202004886120272e-01	2.000000000000000000e+00	0.000000000000000000e+00
-1.133829507468931519e+00	-2.098358771632805320e-01	0.000000000000000000e+00	2.000000000000000000e+00
2.133267040859416763e-01	-9.391484058145154190e-01	2.300000000000000000e+01	8.000000000000000000e+00
-7.070616322150751198e-01	-1.842288905974873714e+00	0.000000000000000000e+00	2.000000000000000000e+00
-5.934244354468856120e-01	-1.632016594932229392e+00	9.000000000000000000e+00	0.000000000000000000e+00
-6.606616693670275264e-01	1.062659268999302187e+00	1.800000000000000000e+01	3.000000000000000000e+00
-1.042871561345156017e+00	-3.719494653998197675e-01	3.000000000000000000e+00	1.000000000000000000e+00
1.250311646473985183e+00	-3.930691108194642180e-01	3.000000000000000000e+01	4.400000000000000000e+01
5.949764107463349772e-02	3.318287885353216282e+00	3.700000000000000000e+01	2.200000000000000000e+01
-1.431468163259741688e+00	8.476332334382890021e-01	1.000000000000000000e+00	0.000000000000000000e+00
-2.631479288808118849e-02	-5.022388969745373855e-01	2.500000000000000000e+01	0.000000000000000000e+00
-9.462776611408609817e-01	-2.521334358522265284e-01	3.000000000000000000e+00	7.000000000000000000e+00
1.227592318597881871e+00	-5.270643078955025151e-01	5.400000000000000000e+01	0.000000000000000000e+00
-8.112695397978086920e-01	-3.753985398977201515e-01	0.000000000000000000e+00	1.500000000000000000e+01
-1.021750993919132489e+00	-3.011302617722726449e-01	2.000000000000000000e+00	4.000000000000000000e+00
2.373649689724026957e-01	1.624021278829413273e+00	4.400000000000000000e+01	0.000000000000000000e+00
-1.324654152673616192e+00	4.303960571070197250e-01	0.000000000000000000e+00	1.000000000000000000e+00
-6.122046549204976928e-01	-1.747494718002534198e+00	7.000000000000000000e+00	0.000000000000000000e+00
-9.069801599253773938e-01	-7.347797307294930969e-01	3.000000000000000000e+00	3.000000000000000000e+00
-7.858250561073081286e-01	-2.275529294319756646e-01	0.000000000000000000e+00	1.800000000000000000e+01
-9.390532559517040800e-01	-8.007228232127927559e-01	0.000000000000000000e+00	4.000000000000000000e+00
-1.028094315940707659e+00	-6.252192363902734362e-01	0.000000000000000000e+00	2.000000000000000000e+00
3.104602929214403062e+00	-1.629317374629533077e-01	5.800000000000000000e+01	7.100000000000000000e+01
7.294761918928909239e+00	7.426910707960906466e-01	1.210000000000000000e+02	1.370000000000000000e+02
1.242584831542884682e+00	-2.741015092307693690e-01	4.700000000000000000e+01	6.000000000000000000e+01
-1.569993682377228472e+00	1.607535328592981427e+00	0.000000000000000000e+00	4.000000000000000000e+00
-8.116181214157855983e-01	-1.372341302311751665e+00	0.000000000000000000e+00	3.000000000000000000e+00
-6.205565267688644554e-02	-1.757881255710778134e+00	1.100000000000000000e+01	2.100000000000000000e+01
-2.284633718647391121e-01	-1.947742210199467694e+00	0.000000000000000000e+00	2.300000000000000000e+01
2.108687905634532289e-01	-1.418289586010645476e+00	2.500000000000000000e+01	0.000000000000000000e+00
-1.587521381605286219e+00	2.795369574083618858e+00	6.000000000000000000e+00	1.100000000000000000e+01
6.631337354820922014e-01	-1.689047781493892009e+00	2.000000000000000000e+01	2.500000000000000000e+01
-7.160140661011172858e-01	-1.267197376019823185e+00	8.000000000000000000e+00	0.000000000000000000e+00
2.233646514907434266e+00	-8.326823738477737713e-01	4.500000000000000000e+01	5.500000000000000000e+01
-1.438353338871164455e+00	1.768825946427073026e+00	0.000000000000000000e+00	1.200000000000000000e+01
-1.065216683204178283e+00	-7.735453185032409307e-02	0.000000000000000000e+00	7.000000000000000000e+00
-8.475693231429284324e-01	-7.001284640410586346e-02	1.300000000000000000e+01	3.000000000000000000e+00
-1.236659540249028133e+00	8.097406352434984023e-02	0.000000000000000000e+00	1.000000000000000000e+00
1.937397192224762144e+00	-1.168684138449893384e+00	3.800000000000000000e+01	4.900000000000000000e+01
-7.525070105243037988e-01	-1.763683402927918031e+00	1.000000000000000000e+00	0.000000000000000000e+00
-9.097651952052343560e-01	-1.919440695174420564e-01	9.000000000000000000e+00	3.000000000000000000e+00
-6.320898095335509836e-01	-1.571042068424482352e+00	0.000000000000000000e+00	9.000000000000000000e+00
3.724155478987246859e+00	1.013265050390193656e+00	6.800000000000000000e+01	9.200000000000000000e+01
1.782133774206317023e+00	3.160765312369610669e+00	6.500000000000000000e+01	4.300000000000000000e+01
-8.821847464088751201e-01	-9.473327471075657646e-01	0.000000000000000000e+00	5.000000000000000000e+00
-2.139373807270140704e-01	-4.649755527018019641e-01	2.100000000000000000e+01	0.000000000000000000e+00
-9.864797398257932892e-01	-3.827168267766831167e-01	0.000000000000000000e+00	7.000000000000000000e+00
-7.109622292969925983e-01	-1.770641879608112035e+00	0.000000000000000000e+00	3.000000000000000000e+00
-5.568520871194533317e-01	-1.438134879892567941e+00	1.300000000000000000e+01	0.000000000000000000e+00
-7.667431326246844092e-01	-1.723649114276524674e+00	0.000000000000000000e+00	1.000000000000000000e+00
9.286132279510348475e-01	-4.978666717072118275e-01	2.700000000000000000e+01	3.700000000000000000e+01
-9.298413147590661731e-01	-8.516920374223557744e-01	0.000000000000000000e+00	4.000000000000000000e+00
-1.938101736290382515e+00	2.999492874434037226e+00	0.000000000000000000e+00	4.000000000000000000e+00
-1.022764560836096237e+00	-5.564280553092701975e-01	3.000000000000000000e+00	0.000000000000000000e+00
-5.443522737524147947e-01	-8.905769212875010998e-01	4.000000000000000000e+00	1.700000000000000000e+01
-8.574385783641282899e-01	-7.447974375578514383e-01	8.000000000000000000e+00	0.000000000000000000e+00
-7.302161691235752317e-01	-1.693077118741231679e+00	1.000000000000000000e+00	2.000000000000000000e+00
5.913282328153797174e+00	-1.600998176118109961e-01	9.900000000000000000e+01	1.190000000000000000e+02
8.839993573908044855e-01	-8.565470847223509709e-01	2.800000000000000000e+01	2.700000000000000000e+01
-6.416409874176587369e-01	-1.478235397347576585e+00	9.000000000000000000e+00	0.000000000000000000e+00
1.619112826074197153e+00	-9.726858046687356651e-01	3.200000000000000000e+01	5.000000000000000000e+01
2.267390749115549387e+00	-1.366278640459752225e+00	3.800000000000000000e+01	6.200000000000000000e+01
1.038816339528492616e+00	-8.712121435693935823e-01	3.100000000000000000e+01	2.800000000000000000e+01
1.703775515949130515e-01	3.571416270693238831e-02	1.700000000000000000e+01	2.900000000000000000e+01
3.399926362923809675e-01	-9.292604588043523739e-01	2.200000000000000000e+01	1.600000000000000000e+01
1.401375671001276801e+00	1.916706267614230186e-01	4.100000000000000000e+01	3.800000000000000000e+01
-1.452264900789855540e-01	2.287862482030935674e+00	1.900000000000000000e+01	3.800000000000000000e+01
